Receiver_ID,Name,Type,City,Contact,Contact_Length
1,Donald Gomez,Shelter,Port Carlburgh,9559225295,10
2,Laurie Ramos,Individual,Lewisburgh,7610421570,10
3,Ashley Mckee,NGO,South Randalltown,6910230094,10
4,Erika Rose,NGO,South Shaneville,8296491111,10
5,John Romero,Individual,Bakerport,0674910154,10
6,Mandy Sutton PhD,Shelter,East Sharimouth,6827775357,10
7,Kenneth Baker,NGO,South Edwinborough,1266456386,10
8,James Perez,Charity,Benjaminburgh,19867486688,11
9,Emily Turner,Shelter,West Robert,0016310226157,13
10,Mary Salazar,NGO,Wrightland,0011873337518,13
11,Amber Pacheco,Individual,South Gregorymouth,11559607276,11
12,Jennifer Bishop,NGO,Katherineside,18013636355,11
13,Jamie Sutton,Shelter,Lake Matthewstad,0011768478920,13
14,Brian Fischer,Shelter,Burkeside,9470413246,10
15,Donald Kelly,NGO,Port Ronald,9357985303,10
16,Elizabeth Lewis,NGO,Port Tara,5003863867,10
17,Melissa Castillo,NGO,Silvaport,6992329544,10
18,Lisa Williams,NGO,Moranhaven,3605055780,10
19,Courtney Sanders,NGO,North Cynthiaberg,0010837540501,13
20,George Palmer,NGO,Sandrahaven,7448386083,10
21,Emily Davidson,NGO,Jonesside,0018934730769,13
22,Kristina Meza,Shelter,Lake Nicole,11251600319,11
23,Kurt Ward,Individual,Aliciabury,4790359976,10
24,Tammy Moore,Individual,Monicafort,7211055278,10
25,Lisa Mcclain,NGO,Lake Elizabeth,2921539082,10
26,Kimberly Lindsey,Charity,Port Matthewmouth,19795111434,11
27,Johnny Page,NGO,Susanfurt,2519222940,10
28,Mary Franklin,Individual,Courtneyfurt,0010461889986,13
29,Nicholas Robinson,NGO,Lake Kendra,9301048973,10
30,Bruce Sanchez,Shelter,North Heather,5984591819,10
31,Rose Powell,NGO,Spencermouth,2471527297,10
32,Audrey Perez,Individual,Taylorfort,6370257736,10
33,Anita Kerr,NGO,Walshfort,5689929509,10
34,Megan Alvarez,Individual,North Robert,6244329386,10
35,James Castaneda,Shelter,South Rachaelhaven,9322772945,10
36,Teresa Davis,Charity,Olsonville,0017375073051,13
37,Angel Adams,Shelter,West Erik,17858499596,11
38,Alexander Mullins,Charity,Josephview,2484817680,10
39,John Ramirez,Shelter,Moorechester,8597018773,10
40,Abigail Davis,Individual,West Carrie,3078253197,10
41,Julia Elliott,Shelter,Port Kellyburgh,16138826551,11
42,Maria Jacobs,NGO,Port Dawntown,2250198954,10
43,Bobby Perry,Charity,Amberfort,0206289733,10
44,Andrew Lawson,Shelter,Davisborough,6225667870,10
45,Derek Potter,Charity,South Laurachester,4973727517,10
46,Kevin Lee,Charity,East Teresahaven,3542538089,10
47,Taylor Dean,Shelter,Moorechester,2971005658,10
48,Jennifer Graham,Individual,East Saraport,0019797460394,13
49,Gabriel Nicholson,Charity,South Tonyaborough,0300523339,10
50,Brian Gonzales,NGO,North Sarah,0012414382803,13
51,Timothy Clark,Charity,Port Johnchester,2176621143,10
52,Cheryl Dillon,NGO,Hornemouth,3501461578,10
53,Cassandra Owens,Shelter,Tomburgh,0018131937735,13
54,Veronica Howard,NGO,Higginsmouth,5176322362,10
55,Erika Rodriguez,Shelter,Larastad,0017321320041,13
56,Deborah Smith,Individual,Jasonshire,9960394276,10
57,Christopher Lozano,Individual,New Mary,2178270862,10
58,Julia Madden,Shelter,Michaelton,3212078844,10
59,Alicia Thomas,Charity,Lake Mary,6043200347,10
60,Jessica Rivas,NGO,Phillipborough,3517831595,10
61,John Vazquez,Charity,South Kathleenbury,2370656422,10
62,Nichole Lewis,NGO,North Catherinefurt,7774455269,10
63,David Turner,Charity,East William,4456052297,10
64,Debra Sheppard,Shelter,North Darinshire,0017266781689,13
65,Cody Gardner,NGO,Port Belinda,5653950421,10
66,Jade Jackson,Individual,West Jaclyn,0981582253,10
67,Rodney Walker,Shelter,Strongshire,0018333857777,13
68,Wesley Thompson,Charity,Edwardburgh,19012552891,11
69,Scott Brown,NGO,East Dylan,3021979398,10
70,Carolyn Whitaker,Individual,Gregoryville,6651783261,10
71,Timothy Daniel,Charity,New Gloriaburgh,0015621819662,13
72,Charles Davidson,Shelter,West Angelatown,12946982957,11
73,Kimberly Mills,NGO,Christineton,2888215439,10
74,Patricia Smith,NGO,Laurafurt,2204535600,10
75,Nicholas Smith,Charity,Manningtown,16059701115,11
76,Anna Lopez,Individual,North Jenniferside,0018056245306,13
77,Juan Spencer,Individual,North David,11442427963,11
78,Aaron Davis,Shelter,Marshallton,2310820755,10
79,Meagan Ramirez,Charity,Angelaville,0016716667691,13
80,Eric Jackson,Individual,Knightburgh,7326023388,10
81,Theresa Ramirez,NGO,Port Gregoryport,15828957478,11
82,Laura Bennett,NGO,Evansside,3797191693,10
83,Julie Hines,NGO,Davidview,1436016545,10
84,Deanna Lewis,NGO,East Kelli,0938550061,10
85,Jeffery Mueller,Charity,Lake John,3024932900,10
86,Jessica Grant,Charity,Smithshire,6011321809,10
87,Tammy Walker MD,Charity,West Ronaldland,9820447177,10
88,Eric Ryan DDS,NGO,Lake Daniel,0016777946847,13
89,Mr. David Lambert,Individual,Robinsonside,9298411999,10
90,Alvin West,Shelter,Kellybury,4173148724,10
91,Ashley James,Charity,Garrettborough,1927847581,10
92,Bridget Peterson,NGO,Greenton,5090376331,10
93,Allison Bray,Individual,Alexatown,0011222773588,13
94,Timothy Patel DVM,Charity,New Jessica,10468329667,11
95,Anthony Green,NGO,Laurafort,0017060249230,13
96,Michael Walls,Individual,Carterside,6509307741,10
97,Nathan May,Charity,South Veronicaburgh,8087849354,10
98,Brian Cowan,Individual,Henryhaven,2341421265,10
99,Nancy Silva,Individual,Russellville,9292213591,10
100,Melissa Little,NGO,Robertaborough,2502637746,10
101,Nicole Reid,Shelter,Hollytown,8085646895,10
102,Daniel Burton,Individual,North Matthewhaven,9722844190,10
103,Karen Cruz,Individual,West Justin,5005835978,10
104,Victor Reyes,Charity,North Joshuafort,14112308872,11
105,Trevor Wilson,NGO,North Pamela,0016517191403,13
106,David Johnson,Individual,Lake Rebecca,0350190294,10
107,Jessica Morris,NGO,Port Elizabethton,1377761761,10
108,Suzanne Dawson,NGO,East Josephstad,16821592143,11
109,Rachel Nguyen,NGO,Theresamouth,0405452043,10
110,Karla Castillo,NGO,Lake Michaelton,1928112685,10
111,Deanna Flores,NGO,West Johnny,6692949581,10
112,Brady Lopez,Individual,Michaeltown,8312755906,10
113,Jonathan Young,Shelter,Georgeborough,1648641786,10
114,John Chase,NGO,Meganton,5304246470,10
115,Anthony Carter,Shelter,Scottmouth,4997267360,10
116,Mark Lee,Individual,Port Teresa,0019837576830,13
117,Kelly Pierce,Shelter,East Heatherborough,5172321717,10
118,Matthew Tran,Charity,South Franciscoport,5831441560,10
119,Jasmine Robertson,Individual,Deanview,0013880786769,13
120,Matthew Ramos,Shelter,Kennethberg,5035639703,10
121,Gavin Freeman,NGO,Ayalamouth,7826814168,10
122,Drew Cline,NGO,Port Patriciachester,5178287715,10
123,Teresa Williams,Charity,South Alexandraport,6732288829,10
124,Marie Andrade,Charity,Meghanfort,3140962823,10
125,Tammy Smith,Individual,Campbellchester,0016685371925,13
126,Heather Brown,NGO,North Lori,8361161365,10
127,Hayden Hill,NGO,North Roger,1431125754,10
128,Sarah Carter,Charity,New Benjamin,0015130185852,13
129,Denise Martinez,Charity,Drakeburgh,4638878557,10
130,Matthew Hughes,Charity,Marieview,4684314471,10
131,Shawn Mills,Charity,Jeffhaven,19511921790,11
132,Katherine Gomez,Charity,South Jasonberg,6098022108,10
133,Robert Johnson,NGO,West James,3017495770,10
134,Emily Christian,Individual,Marcusberg,7246292189,10
135,Jeanne Spencer,Shelter,Huntermouth,9874746001,10
136,Katherine Murphy,NGO,New Elaine,0675064790,10
137,James Jones,NGO,Bakerfort,1224216342,10
138,Christina Potter,NGO,Phillipsbury,13661444542,11
139,Charles Martin,NGO,New Christopher,5860090817,10
140,Kristin Scott,Shelter,North Christina,5989059117,10
141,Christine Gray,Individual,Dawnview,0014665380401,13
142,Melody Good,NGO,Wilsonfort,8802732716,10
143,Amanda Hendricks,Shelter,Nancyshire,0094941313,10
144,Jennifer Nelson,Individual,North Paul,6138027241,10
145,David Hull,Shelter,Tanyachester,1398046633,10
146,John Cummings,Individual,Joshuamouth,1344646051,10
147,Sara Wise,NGO,New Shannonbury,0867736881,10
148,Robert Simon,NGO,North Amandafort,1726467107,10
149,Nathan Willis,NGO,Danielfort,8303189696,10
150,Kelly Howe,Charity,Davidmouth,0960593098,10
151,Lisa Eaton,Shelter,New Aimeemouth,3428696733,10
152,Jasmine Miranda,Individual,Caseyland,9135094800,10
153,Jason Holmes,Individual,Williamtown,18655330612,11
154,Thomas Johnson,Shelter,Lake Victoriaport,6267945876,10
155,Christopher Kennedy,Shelter,Patriciaton,5091798044,10
156,Corey Mitchell,Charity,Jacobsmouth,0013921158557,13
157,Jason Davis,Individual,Charleston,5231146883,10
158,Gregory Murphy,Individual,South Ashley,0903192480,10
159,Angela Cortez,NGO,Lisaton,16852164851,11
160,Tracy Hartman,Charity,South Jill,19472039101,11
161,Mary Nguyen,Charity,Mcclurestad,14531822743,11
162,Douglas Baxter,Individual,Amandaville,11395982308,11
163,Jennifer Anderson,Charity,Daleshire,10733754139,11
164,Aaron Scott,Charity,Heatherfurt,0758633168,10
165,Danielle Bailey,Shelter,East Sarahtown,3268060927,10
166,Danielle Willis,Charity,Ginamouth,8704583747,10
167,Erica Fox,Charity,West Shawn,0010299188786,13
168,Kayla Johnson,Shelter,East Timhaven,7865345065,10
169,Jon Stanton,Charity,Nguyenfurt,4677232786,10
170,Adam Browning,Charity,Port Erica,1965969067,10
171,Suzanne Velasquez,NGO,Joanchester,3056724633,10
172,Nicole Brown,Charity,Thomaston,2161216760,10
173,Jason Moore,NGO,West Courtneyport,9134685154,10
174,Matthew Johnson,Individual,Smithstad,2858590597,10
175,Stephanie Hoffman,Individual,New Tiffany,9725985363,10
176,Brendan Farley,NGO,Nicoleport,3763303007,10
177,Tonya Lucas,NGO,Robertsonchester,19135426523,11
178,Deanna Jarvis,Shelter,Port Emilymouth,7995658611,10
179,Adam Hodge,Charity,West Krystalview,11637515462,11
180,Michelle Cook,Shelter,Peterhaven,4129024858,10
181,Paul Evans,NGO,Smithshire,3222400397,10
182,Troy Miller,Charity,Seanside,8901485867,10
183,Nicole Walker,Individual,Thomasland,0016174756913,13
184,Matthew Sanchez,Individual,Port Melissa,0017159201622,13
185,Shannon Pineda,Individual,Lake Amanda,1292490893,10
186,John Massey,Shelter,Heathertown,4995907798,10
187,Amy Thomas,Shelter,Lake Erica,12152950597,11
188,Tina Ingram,Charity,Angelicatown,19671343646,11
189,Stephen Smith,Individual,Maxberg,6903261349,10
190,Maria Jackson,Charity,North Shelby,0160416963,10
191,Brent Anderson,Shelter,New Seanburgh,2254787600,10
192,Rhonda King,Individual,Toddborough,3679585492,10
193,Jesse Brown,Charity,Figueroaport,0014814250706,13
194,Alan Campbell,NGO,Shawmouth,9428070793,10
195,John Martin,Charity,New Jason,5811746644,10
196,Tara Bauer,Charity,Port Dustin,7099352878,10
197,Deanna James,Shelter,East Tinamouth,8391006940,10
198,Scott Anderson,Individual,East Teresamouth,7332968887,10
199,Ashley Rivers,Individual,East Sharon,19880512193,11
200,Nicole Williams,NGO,East Jillian,17857807784,11
201,Calvin Lucas,Individual,Corybury,4177309502,10
202,Veronica Coleman,NGO,North Mario,0965125528,10
203,Vincent Matthews,Shelter,Allenmouth,0335998576,10
204,Rachel Thomas,Individual,North Lindachester,4178735848,10
205,Kimberly Wilkins,Charity,West Casey,3783162949,10
206,Ashley Brooks,Individual,Ramseystad,4288209314,10
207,Nicholas Holloway,Shelter,South Kendraville,7198219201,10
208,Michael Flores,Charity,Andrewmouth,19726828043,11
209,Gina Payne,Individual,Steveberg,9608846634,10
210,Tara Mcmahon,NGO,South Anna,2835288473,10
211,Judy Griffith,Charity,Baileyville,12553916382,11
212,Ronald Gonzalez,Shelter,Stevenmouth,19463783210,11
213,Kelly Barber,NGO,Emilymouth,2594204088,10
214,Corey Rodriguez,NGO,New Roseville,18665447425,11
215,Mr. Matthew Johnson DDS,Charity,Port Stephen,1733110659,10
216,Morgan Massey,Charity,West Amybury,9292866902,10
217,Kelsey Holloway DDS,Charity,Ashleyborough,3007051978,10
218,Corey Lamb,Charity,New Daniel,8828939920,10
219,Alex Rogers,Charity,Lake Austinmouth,10176131019,11
220,Cassandra Mendoza,NGO,Dantown,2612673922,10
221,Rebecca Goodman,Shelter,Robinsonland,3922218538,10
222,Stephanie Jones,Shelter,West Aaronport,0010299401111,13
223,David Henderson,Charity,Hallside,9769469613,10
224,Franklin Kelley,Charity,East Jacob,2077678809,10
225,Joseph Bowman,NGO,West Jessica,0013634342847,13
226,Daniel Kerr,Charity,Fergusonton,5489559384,10
227,Samuel Hodge,NGO,Port Maria,3024637516,10
228,Joanna Wilkins,Charity,Singletonview,7968881488,10
229,Tina Watkins,Shelter,Bushview,7774795306,10
230,Nathaniel Moreno,NGO,Poolestad,8168189063,10
231,Christopher Barrett,Charity,Port Brianville,10997401254,11
232,David Smith,Charity,Davidshire,1064657709,10
233,Alicia Porter,Charity,Port Ericmouth,0016526142884,13
234,Keith Atkinson,Charity,Lake Julia,6869684161,10
235,Megan Freeman,NGO,Rogerburgh,15102746183,11
236,Duane Burnett,Charity,New Derek,0015901144533,13
237,Cathy Adams,Shelter,West Josephshire,2690614726,10
238,Kendra Krause,NGO,Davisburgh,4500320502,10
239,Lindsay Garcia,NGO,North Kimberlyport,0722151225,10
240,Ronald Miller,Shelter,Edwardsside,0180633263,10
241,Elizabeth Dunn,Charity,Wilsonfurt,0692210114,10
242,Matthew Pearson,NGO,Garciaview,6212235497,10
243,Alexis Smith,NGO,West Vickie,0012720793939,13
244,Jason Ramos,Shelter,Carolhaven,1460140992,10
245,Rebecca Sanchez,Shelter,New Craig,5864137361,10
246,Kristi Wagner,Shelter,Lake Darrellburgh,2642551562,10
247,John Mitchell,Charity,Aaronshire,0010951847835,13
248,Victoria Lee,Charity,New Abigail,9797862359,10
249,Zachary Lewis,Charity,Lake Kelli,0318694632,10
250,Jamie Ferguson,Charity,Jenniferberg,0010521504048,13
251,Sarah Hodges,NGO,Martinland,0010161631445,13
252,Angela Dunlap,Individual,New Julian,8542032129,10
253,Adam Pittman,NGO,West Christiantown,4559151588,10
254,Felicia Wilkinson,Shelter,Williamsfort,4034230469,10
255,Walter Myers,Individual,New Tina,12852788381,11
256,Derek Wilson,Individual,Christopherland,19638597585,11
257,David Bryant,Shelter,South Amy,4342903119,10
258,Scott Grant,Individual,Port Samantha,0016918498860,13
259,Aimee Stone,NGO,Barnesport,1043947041,10
260,Patricia White,Charity,Lake Jessicaborough,4346354716,10
261,Maria Lang,NGO,East Moniquemouth,7952611223,10
262,Autumn Reed,NGO,East John,10012020048,11
263,Ann Mcclure,Shelter,West Johnmouth,3357769231,10
264,Sandra Townsend DVM,NGO,West Kelly,11358860842,11
265,Rebecca May,Individual,Murrayview,7831443726,10
266,Stacy Mayo,Shelter,Bauerton,13649252936,11
267,Randall Robbins,Shelter,Dylanton,13821126000,11
268,Steven Morton Jr.,Shelter,Kellybury,8845037406,10
269,Mrs. Paula Jones,Individual,Emilymouth,9353772742,10
270,Darlene Fernandez,Shelter,Monicaton,0792874429,10
271,Mark Hartman,Individual,East Ashleyshire,8180151582,10
272,Walter Carter,Shelter,Brianchester,1707344123,10
273,Jonathan Soto,Charity,Autumnbury,2479938111,10
274,Robin Ross,Individual,East Williamborough,7807540093,10
275,Michael Johnson,Individual,Longmouth,0810428712,10
276,Scott Hunter,Individual,Greenton,0743055053,10
277,Austin Jones,Charity,Brandonside,6014748397,10
278,Jay Roberts,Shelter,West Christopher,4358151380,10
279,Angela Wyatt,Charity,Port Jessica,5929131646,10
280,Jesse Miller,Shelter,Port Samanthamouth,1420764130,10
281,Mrs. Kristin Adams DDS,Charity,Lake Christychester,0737643235,10
282,Lisa Pitts,Shelter,Lake Stephenport,0017093423522,13
283,Edward Cook,Charity,Isaiahtown,9905345202,10
284,Beth Sanchez,NGO,Dustinfurt,8967378178,10
285,Derrick Curtis,NGO,Stephaniechester,1400951639,10
286,Travis Hughes,Shelter,Castilloland,9059766704,10
287,Jennifer Johnson,Charity,Burnettton,7970971389,10
288,Christopher Larsen,NGO,Susanview,1464226270,10
289,Nathan Reynolds,Shelter,Lake Tina,0295226591,10
290,Karen Brennan,Shelter,Hannahside,6935324960,10
291,Dawn Thompson,Charity,North Josephland,1419736585,10
292,Mrs. Emily Smith DVM,NGO,Shermantown,3485424932,10
293,Randy Roach,Charity,East Bryan,8885344534,10
294,Cynthia Horton,NGO,Jamesstad,5355765970,10
295,Joseph Williams,Individual,East Dale,0011125139413,13
296,Pamela Santos,Shelter,Lake Michael,8651865350,10
297,Deanna Daniels,Individual,Aguilarstad,0014369292288,13
298,Robert Burke,NGO,Marksmouth,9952978023,10
299,Michael Curtis,Shelter,Alexanderbury,15236878881,11
300,Jeanne Benjamin,NGO,North Alexander,5950007971,10
301,Kristina Simpson,NGO,Melissaport,3752453906,10
302,Daniel Moore,Charity,Port Richard,1768098232,10
303,Joseph Davis,NGO,Millerport,7798026319,10
304,Jennifer Ayala,NGO,Edwardshaven,9290158411,10
305,Brendan Vargas,NGO,Kellyville,9816606741,10
306,Donna Williams,Charity,Calebview,0833130990,10
307,Logan Becker,Charity,North Patriciamouth,12262391432,11
308,Robin Pena,NGO,Cynthiashire,6917758145,10
309,Bryan Smith,Individual,New Julia,0011275506441,13
310,Gary Adams,Individual,New Sara,0013238234026,13
311,Tina Jackson,Charity,Geraldchester,1030025677,10
312,Pamela Morales,NGO,Schaeferfort,7916242530,10
313,David Marsh,Shelter,North Kimberlyfort,4985265768,10
314,Kelsey Smith,Shelter,Haleymouth,7649893036,10
315,Anthony Harris,Individual,West Aaronberg,8113062805,10
316,Jacob Montoya,NGO,Meganmouth,6098586366,10
317,Martha Flores,NGO,Lake Glenview,5684260750,10
318,Michael Carter,Charity,Danielborough,11494689647,11
319,Donald Bender,Charity,Andersenfort,2628996349,10
320,Carmen Barker,Shelter,North Williamview,0011512843163,13
321,Wanda Wise,Shelter,South Bethanyport,9400280493,10
322,Stephanie Mathews,Shelter,North Ashleymouth,18522427762,11
323,Linda Banks,Individual,New Sarahmouth,3235409403,10
324,Kristine Martin,NGO,Thompsonhaven,4449544127,10
325,Lawrence Owens,Individual,South Amybury,15657487655,11
326,Douglas Jacobs,NGO,East Gina,8190722490,10
327,Aaron Keller,Shelter,Melissaview,7995680302,10
328,Carlos Lawrence,Individual,New Justinhaven,2725803538,10
329,Christine Patterson,Individual,Edwardfort,0012709070981,13
330,Kimberly Hamilton,Individual,North Bruce,3984868232,10
331,Shane Stein,Individual,Reidton,0867996277,10
332,Raymond Harris,Charity,Hammondfort,1731852783,10
333,Gabriel Vargas,Charity,Chaseview,0013432542598,13
334,Gina Wu DDS,Shelter,Lake Melindaside,4843500946,10
335,Deborah Sexton,Shelter,Victoriastad,8999364720,10
336,Laura Marshall,Charity,East Lisafurt,13891677916,11
337,Jennifer Schmidt,Individual,South Michelleshire,0075614094,10
338,Patrick Zimmerman,Shelter,Thomasberg,9136389318,10
339,Dustin Johnson,Individual,Gomezmouth,0011719952815,13
340,John Baxter,NGO,New William,8944419136,10
341,Anna Buckley,Individual,Murphyfort,4212819097,10
342,Kristina Vargas,Charity,Lake Rebeccaton,3647796707,10
343,Roberto Stanley,Shelter,Melindaview,2732994177,10
344,Barbara Velasquez,Charity,Priceborough,6692474183,10
345,Eric Ramos,Individual,Rushfurt,5159281587,10
346,Mr. Mark Knight DVM,Charity,East Joseph,7577967872,10
347,Michael Keller,Individual,New Derek,0005721246,10
348,Donna Hughes,Individual,Maryfort,3525203779,10
349,Gwendolyn Johnson,Individual,West James,6497149926,10
350,Sylvia Stanley,Shelter,Jenniferbury,0652300281,10
351,Kerry Jones,Charity,New Christopher,7257795651,10
352,Cody Martin,Individual,Angelamouth,2396786580,10
353,Mrs. Stacey Morales MD,Individual,Juliastad,8660509817,10
354,Kimberly Nelson,Charity,Lake Lesliemouth,0094753945,10
355,Brian Hoffman,Shelter,Lake Dillonborough,7187535421,10
356,Brian Cherry,Charity,Swansonport,16733722010,11
357,Jacob Orozco,Individual,West Jeffrey,7878348225,10
358,Brian Davis,Charity,Williamsfort,7506465852,10
359,Travis Walker,NGO,West Dan,8439050785,10
360,Tammy Boone,Shelter,New Christopher,3017137646,10
361,Samuel Lewis,Individual,North Nicole,0013818075033,13
362,Elizabeth Collins,Shelter,Johnland,6015328275,10
363,Stephanie West,Charity,North Jamesfurt,0017942545542,13
364,Keith Gray,Charity,New Corey,0012970873713,13
365,Melissa Green,Shelter,South John,6216980426,10
366,Tony Holmes,NGO,Jaredport,6231314040,10
367,Ricardo Roberts,Individual,West Matthewborough,3718571738,10
368,Debra Murray,NGO,Duncanchester,5668325437,10
369,Sherry Hall,NGO,Davidmouth,2561663623,10
370,Tara Johns,Individual,Paulmouth,3741715991,10
371,William Frederick,NGO,Port Dean,0012285519866,13
372,Harold Bowen,Charity,South Barbaraburgh,7326921653,10
373,Seth Esparza,Shelter,Port Brandonberg,2597616873,10
374,Ricky Walker,Individual,Port Johnstad,0010667007862,13
375,Melissa Smith,Shelter,Lake Stevenburgh,16162305539,11
376,John Reeves,NGO,Jamieview,10503069244,11
377,Patrick Campbell,NGO,Leeton,7058064686,10
378,Brandi Buckley,Shelter,Lawrencechester,5187422945,10
379,Tara Graham,Shelter,Lake Cory,6178697697,10
380,Heather Silva,Charity,Lake Ryan,1340826530,10
381,Yvette Huffman,Charity,Reevestown,8398518386,10
382,Patricia Stevens,Shelter,Perezport,0016284790049,13
383,Melissa Kennedy,Individual,West Tina,1293354916,10
384,Anthony Guerra,Charity,North Michelle,1022227070,10
385,William Barnes,Shelter,Kellyfurt,2572410749,10
386,Mary Hopkins,Individual,Tiffanyport,0014763508465,13
387,Michael Proctor,Charity,Lisafurt,1195494969,10
388,Nicole Mueller,Charity,Rachelberg,2412691178,10
389,Kelly Buchanan,Charity,Lake Jonathanchester,1069275178,10
390,Victor Crawford,NGO,New Brandonton,13890875252,11
391,Regina Munoz,NGO,Lake Clinton,5859553149,10
392,Tracy Douglas,NGO,Gordonstad,10845228932,11
393,Dana Simmons,Shelter,West Jorge,0057202323,10
394,Kyle Kerr,Charity,Sarahville,0658537158,10
395,Joseph Davis,Charity,Sherryhaven,4268702757,10
396,Allison Martinez,NGO,New Amy,9455111142,10
397,Mr. Robert Rivera II,Individual,Bergerport,14701545478,11
398,Alex White,Charity,Port Carmen,2263638449,10
399,Jennifer Hughes,Charity,West Donnaton,0011474301204,13
400,John Byrd,Shelter,West Randall,2193136702,10
401,Leslie Acevedo,Charity,Lake Matthew,0287373556,10
402,Nicholas Mosley MD,Individual,North Manuel,17593327128,11
403,John Collins,Shelter,New Deborahville,0012377663335,13
404,Marissa Fischer,Shelter,New Kevin,4544638142,10
405,David Evans,Shelter,Chambersmouth,3162219715,10
406,Ashley Martinez,NGO,Lake Crystal,1515212736,10
407,Arthur Thomas,Charity,Clarkhaven,0017976158560,13
408,Jennifer Mccoy,Individual,Morganville,4301711148,10
409,Matthew Simmons PhD,Shelter,Brandonhaven,0010406684559,13
410,Betty Reid,Charity,North Abigail,0015266267117,13
411,Eric Kaiser,Shelter,West Mikayla,0014939690455,13
412,David Carney,NGO,Port Dianemouth,0017107321565,13
413,Dennis Schultz,NGO,New Natalieland,3480490216,10
414,Dr. Matthew Hughes DDS,NGO,Christopherchester,11267142290,11
415,Kevin Blair,Individual,Lake Laurenburgh,8870335757,10
416,Ernest Cox,Shelter,Christinaland,0614624166,10
417,Justin Santos,NGO,Rayfurt,9532216291,10
418,Miss Mary Turner,Charity,North Holly,8993302450,10
419,Teresa Jackson,Shelter,Port Thomasstad,0016201156715,13
420,Susan Green,Charity,Josephborough,17167787428,11
421,Jonathan Copeland,Shelter,Jonathanview,8360481897,10
422,Tina Bean,Charity,South Tyler,0018770900264,13
423,Christine Bell,Individual,South Edwardburgh,1720333196,10
424,Pamela Harris,Charity,Lewisfort,3205623060,10
425,Robert Chavez,NGO,Chadport,8860499104,10
426,Jose Rivas,Shelter,Rosaleschester,0014114559848,13
427,Toni Johnson,NGO,Lake Steven,0452298601,10
428,Elizabeth Galvan,NGO,Lake Karen,18960181230,11
429,Daniel Williams,Shelter,Russellburgh,2886093038,10
430,April Johnson,NGO,Pagemouth,5404860312,10
431,Mr. Gregory Thompson,Charity,East Douglas,7253485813,10
432,Julie Brown,NGO,East Melissaport,5442006673,10
433,Michael Dunn,Individual,Lake Kyleside,0012639942712,13
434,Jason Alvarez,NGO,South Connorview,1071645994,10
435,Whitney Evans,Shelter,Martinezside,0013559119659,13
436,Jacqueline Turner,NGO,Robertsport,9378418251,10
437,Lindsey Lewis,Shelter,West Rogerview,0016102098312,13
438,Jane Davis,Individual,Lake Joshuaville,0014805548487,13
439,Erika Lopez,Shelter,North Margarethaven,1170271702,10
440,Alexander Walsh,Individual,Troyshire,0014436387858,13
441,Cynthia Johnson,Charity,West Cherylland,7160980270,10
442,Natasha Harper,NGO,Port Sara,4747633272,10
443,Brittany Anderson,Individual,Port Michaelmouth,6109214134,10
444,Michael Simmons,Individual,Coreymouth,4272373480,10
445,Christopher Williams,NGO,North Kathryn,3045504023,10
446,Eric Mays,NGO,Port Deborahbury,5556987496,10
447,Erika West,Individual,Mikemouth,4096634270,10
448,Nicholas Harrison,Shelter,New Timothymouth,0155752106,10
449,Mrs. Valerie Hartman,NGO,Port Jenniferborough,1271218776,10
450,Russell Smith,Charity,New Rebecca,15815756141,11
451,Marcus Gregory,Shelter,Hollyside,4524904054,10
452,Tina Banks,Charity,Port Judith,9865357620,10
453,Kristen Alvarado,NGO,Davidport,0019657769092,13
454,Steven Griffin,NGO,Cruzborough,5115950189,10
455,Jennifer Kennedy,Individual,Port Deborah,9581893095,10
456,Rodney Perkins,Charity,Lake Christina,2914238876,10
457,Ryan Cole,Charity,Sandratown,0014775486956,13
458,Michael Vargas,Charity,East Andrewhaven,9324661933,10
459,Brandon Riley,NGO,Powerston,7423646134,10
460,Karen Stafford,Shelter,West Justinberg,0407743704,10
461,Tonya Lewis,NGO,Edwardport,9693197491,10
462,Timothy Martin,Charity,Lake Adriennechester,0686804383,10
463,Frank Jackson,Charity,North Jeffreychester,4415046385,10
464,Richard Parsons,Shelter,Bushbury,17819931106,11
465,Makayla Davis,Shelter,Chrisport,2829299573,10
466,Christine Ashley,Individual,South William,0676184352,10
467,Nathan Gonzales,Charity,East Daniel,5439084807,10
468,David Castro,Shelter,Heatherhaven,7015298611,10
469,Steven Martinez,Individual,Johnsonberg,7723986224,10
470,Edwin Osborne,NGO,North Robinville,1606057945,10
471,David Fuentes,NGO,North Kimberlyland,7679660659,10
472,Brian Hill,Charity,Port Dominique,0014686660994,13
473,Justin Powell,Shelter,Port Sarah,0018231123947,13
474,Christine Lawrence,Charity,Bobbyfort,9363786017,10
475,Kim Gamble,Individual,East Ginafort,0762758691,10
476,Jennifer Baker,Shelter,Castilloshire,13405093899,11
477,Jorge Young,Shelter,Lake Rebeccaton,2086783432,10
478,Benjamin Wilson,NGO,West Aliciaburgh,5228626624,10
479,Karen Reeves MD,NGO,Lake Mitchellbury,3651743809,10
480,Michael Roberson,NGO,South Davidstad,8219451712,10
481,Heather Brown,Shelter,New Michaelport,0011376225038,13
482,Timothy Garrett,NGO,Andersonview,9075323328,10
483,Emily Sandoval,Charity,Port Gregory,0762070611,10
484,Mary Harrington,Shelter,Port Jason,7731596013,10
485,Debbie Cox,Charity,Christopherchester,0018589891478,13
486,Ronald Brown,Shelter,New Dustin,7682014672,10
487,Micheal Peterson,NGO,West Jeffreyfurt,0943304095,10
488,Patrick Jenkins,Charity,West Richard,1170988608,10
489,Erin Foster,Charity,Jessicatown,1049819543,10
490,Tiffany Smith,NGO,Port Brandon,1509541064,10
491,Molly Edwards,Charity,Rodriguezborough,3469124779,10
492,Julie Lewis,NGO,South Steven,5573523497,10
493,Chelsea Powell,Charity,Lake Rachelburgh,0015270594168,13
494,Timothy Chavez,Individual,Brooksmouth,9390464362,10
495,Andrea Meyer,Individual,Christophertown,0015795754238,13
496,Kristina Park,Charity,Langburgh,0016085420101,13
497,Miss Jamie Gonzalez DDS,Charity,Proctorville,0111321619,10
498,Dennis Ford,Charity,Port Derekland,5608388104,10
499,Ricky Harmon,Individual,Port Chaseport,8173998610,10
500,Richard Patterson,Charity,Huynhmouth,1091960030,10
501,William Davila,Individual,Gilbertborough,6320448155,10
502,Carly Austin,Charity,Connerland,5886969694,10
503,Eileen Scott,Charity,Lewismouth,8343314178,10
504,Michael Williams,Shelter,Matthewhaven,0015112046271,13
505,Alexandra Owens,NGO,Bradleyland,9279961259,10
506,Mrs. Kim Blackwell,NGO,Port Margaretport,9780172536,10
507,Destiny Maldonado,Charity,Carlosfurt,2647546432,10
508,Kimberly Wilson,Individual,Susanville,9903662975,10
509,Drew Edwards,Charity,Huffmouth,19102170650,11
510,Jeremy Christensen,Individual,Ashleyborough,6787773829,10
511,Kimberly Cox,NGO,Lake Gloria,6289046503,10
512,Anne Stone,Shelter,Pittsville,4684829531,10
513,Dr. Ryan Gilbert,Individual,Sarahaven,5273864611,10
514,Ashley Bell,Shelter,Olsonland,17339054924,11
515,Misty Downs,NGO,Robertview,0643596470,10
516,Gary Myers,Shelter,Turnerhaven,0016699198102,13
517,Taylor Wolfe,Individual,New Travisland,5163674140,10
518,Katrina Smith,NGO,Stephanieberg,5771129949,10
519,Elizabeth Salazar,Shelter,Paynestad,6551474123,10
520,Alexandra Jones,NGO,Lisaborough,9258392741,10
521,David Robinson,NGO,Carolinebury,12255769253,11
522,Veronica Robinson,NGO,East Cynthiahaven,1088817279,10
523,William Fox,NGO,Port Angelafurt,2280026281,10
524,Tiffany Rodriguez,Charity,Ramirezhaven,19766242718,11
525,Michael Dixon,Charity,Rebeccaview,5796325450,10
526,Brian Morales,NGO,Darinland,4099397232,10
527,Kelli Fuentes,NGO,East Peter,0015792002768,13
528,Alexander Dean,Charity,New Robert,12915003349,11
529,Amy Perez,Charity,West Jacquelineland,0016926343701,13
530,Lindsay Yates,Individual,Diazshire,19885867568,11
531,Alexandra Rogers,Charity,Paulaburgh,9113263274,10
532,David Sellers DVM,Individual,South Michaelfurt,4923213443,10
533,Joseph Knapp,Shelter,New Michael,1170969114,10
534,Megan Miller,Individual,Anthonyport,2526655472,10
535,Jane Avila,Shelter,Christinahaven,0329872893,10
536,Margaret Lloyd,Shelter,Phillipston,15512667292,11
537,Earl Eaton,Shelter,Port Michaelport,0764237778,10
538,Ronald Norton,Individual,Carterton,13110605846,11
539,Jessica Lee,NGO,Vasquezberg,1295971071,10
540,Cristina Curtis,Individual,East Davidbury,5047220994,10
541,Amy Brown,NGO,Shelbyland,7529563208,10
542,Savannah Neal,Individual,Ashleeside,7502574736,10
543,Brenda Green,Charity,Jacobmouth,0013445154579,13
544,Matthew Wright,NGO,Port Traci,0017820744708,13
545,Peter Allen,Individual,Port Kristinechester,14878771518,11
546,Meagan Hughes,Charity,Lake Lance,1093649434,10
547,James Kennedy,Charity,South Donaldshire,5439018742,10
548,Gary Andrews,NGO,Gonzalezstad,11153683340,11
549,Trevor Lam,NGO,New Alexismouth,7262770665,10
550,Shawn Gibson,Individual,South Eric,0012687930427,13
551,Kyle Vega,Shelter,West Alexandra,12393557045,11
552,Jeremiah Jones,NGO,Shaneport,3223114182,10
553,Scott Proctor,Shelter,Adamland,9982822315,10
554,Margaret Mccullough,Charity,Ortizmouth,8888903956,10
555,Mary Lewis,Individual,Port Richard,14436808966,11
556,James Wolfe,NGO,Woodsfurt,3377917990,10
557,Andrea Mcdaniel,NGO,Kingville,9383950602,10
558,Samantha Salinas,Charity,Rayberg,0013013968153,13
559,Randy Martinez,Shelter,Brownville,0017884511379,13
560,Matthew Mendez,Shelter,South Meganland,14061923141,11
561,Andrea Morris,NGO,Hallton,1513918350,10
562,Antonio Murphy,NGO,West Kevin,11775640300,11
563,Brandon Johnson,Charity,Randyville,1501609543,10
564,Justin Smith,Individual,Pottertown,15888743231,11
565,Brian Blankenship,Charity,East Jordanborough,14502916223,11
566,Michael Lewis,Individual,East Kimberlymouth,0720781249,10
567,Peggy Knight,Shelter,North Michaelville,2932417469,10
568,Melissa Mclaughlin,Charity,Roberttown,6719087777,10
569,Danny Randolph,Shelter,South Yolanda,0290118582,10
570,Anthony Cochran,Individual,Port Todd,19602530828,11
571,Lydia Phillips,Shelter,North Hollyland,7041622429,10
572,Diana Blair,Shelter,Murrayside,0016327743398,13
573,William Clark,Shelter,Port Courtneyland,4689527647,10
574,Mr. William Hunt,Shelter,Barreratown,5648546978,10
575,Jennifer Davila,Shelter,Hollandburgh,14013718447,11
576,Justin Lopez,Individual,East Stephenton,5261538449,10
577,Thomas Burch,Charity,North Lori,3908825868,10
578,Larry Bradshaw,NGO,Lake Cody,0018435973151,13
579,Nancy Guerrero,Individual,South Elizabeth,8913817696,10
580,Yesenia Solomon,Charity,Port Paulaton,7765870514,10
581,April Mcintosh,Charity,North Sherribury,9253875931,10
582,Douglas Cook,Shelter,Hunterbury,8724548537,10
583,Sean Henderson,NGO,Lake Gregory,5533264934,10
584,Austin Vance,Shelter,Whiteside,0740871962,10
585,Mark Lewis,NGO,Lisaview,18945540220,11
586,Amy Barker,Shelter,North Nathanville,0018068213010,13
587,Jennifer Clark,NGO,Spencermouth,18621967109,11
588,Laurie Alvarez,Shelter,North Raymond,4633929887,10
589,Nicole Williams,NGO,West Richard,7277713700,10
590,Terry Fernandez,Shelter,Mooreburgh,5060527523,10
591,Susan Clark,NGO,Beckville,0204357439,10
592,Michael Pennington,Charity,South Gabrielmouth,9054209084,10
593,Douglas Mann MD,NGO,North Lisaburgh,3180399487,10
594,Sheri Johnson,Shelter,North Christopher,2539200751,10
595,Courtney Whitney,Individual,West Mariashire,0015284467897,13
596,Natalie Navarro,Shelter,West Carrieberg,0014337426627,13
597,Willie Nichols,Charity,Jonesland,0011176097351,13
598,Alexa Guerra,NGO,Ariasbury,7691923865,10
599,Christopher Davis,NGO,South Yvettestad,14969525072,11
600,Bruce Alexander,Individual,New Tammyhaven,3765012938,10
601,Peter Gonzalez,Shelter,Biancaton,1125784601,10
602,Paul Carter,Individual,Kinghaven,1080025301,10
603,Christina Caldwell,Shelter,New Christopherburgh,4578745807,10
604,Ashley Hall,Individual,Butlerborough,15473443774,11
605,Tara Johnson,NGO,East Nathan,9017973598,10
606,Jenna Bowen,Shelter,Nicoleside,6821839790,10
607,Sean Wolf,NGO,Mcfarlandhaven,4909137034,10
608,Oscar Bauer,Charity,South Nicoleberg,0018745076783,13
609,Brian Riddle,Shelter,Jenniferbury,1493189525,10
610,Jimmy Morton,Charity,New Carrie,0017213480570,13
611,Jeff Rivas,Charity,Mcdanielmouth,6750654290,10
612,Meredith Griffin,NGO,Patriciamouth,3308187400,10
613,Renee Campbell,Shelter,North Tiffanyfort,1993750653,10
614,Peggy Parker,Shelter,South Waynefurt,6435183066,10
615,Rachel Carson,NGO,Robertside,0019108522109,13
616,Christopher Wright,Shelter,New Kellytown,16310748622,11
617,Justin Lee,Individual,Shelleyburgh,1996465303,10
618,Samuel Mendez,Individual,Andersonland,0644310381,10
619,Taylor Estrada,NGO,Nguyenview,0013515565960,13
620,Cassandra Foster,Individual,West Danielview,2830475421,10
621,David Jordan,Individual,Mendozabury,7058168331,10
622,Gary Torres,Charity,Kimberlyview,8161412613,10
623,Phillip Rogers,Individual,Keithstad,6265546466,10
624,Alvin Day Jr.,NGO,East Heatherbury,7221278600,10
625,Paul Lee,NGO,Stephenchester,18741575024,11
626,Theresa Gonzalez,Charity,Port David,0505686038,10
627,Beth Chavez,Shelter,East Nicole,12499911004,11
628,James Gardner,NGO,Morenoborough,4052113183,10
629,Andrea Hansen,NGO,Lake Mary,4075255651,10
630,Sarah Ochoa,Charity,Vancebury,9182551669,10
631,Diana Fisher,Shelter,New Daryl,9743914500,10
632,Austin Smith,NGO,North Marcusbury,2193818831,10
633,Jay Higgins,NGO,Perezhaven,8809908313,10
634,Jessica Watkins,Charity,Robertton,3689594075,10
635,Lisa Marshall,Charity,Johnville,3754231187,10
636,Devon Burton,Charity,Blakehaven,9071089325,10
637,Benjamin Soto,NGO,West Garretthaven,8693958395,10
638,Timothy Browning,Charity,Moralesfort,0018362473024,13
639,Jeffrey Vaughan,Charity,Cameronfurt,1293657408,10
640,Joseph Smith,NGO,Anthonystad,7166983766,10
641,Robert Jones,Shelter,East Antoniobury,0014801681124,13
642,Sarah Rose,NGO,New Ryanmouth,2473880838,10
643,Mary Morrow,NGO,Melaniehaven,0019959219720,13
644,Deanna Brown DDS,Individual,Fowlerburgh,6951474833,10
645,Steven Armstrong,NGO,Robertfurt,2161559564,10
646,Maria Lee,Individual,West Juanchester,4337297840,10
647,Christine Davis,Charity,Josephton,1443597605,10
648,Heather Stewart,NGO,South Lucasview,5189364091,10
649,Cory Schmidt MD,Individual,Johnsonville,0019155356309,13
650,Nicholas Peterson,NGO,West Troyview,0015287831533,13
651,Rebecca Mcbride,Charity,Port Timothymouth,1594214100,10
652,Sandy Ward,Shelter,North Michael,15326460437,11
653,Jason Garcia,Shelter,Port Mariemouth,2296884610,10
654,John Murray,Shelter,Fernandezberg,0016640040117,13
655,Lauren Golden,NGO,Michealstad,5091203093,10
656,Christopher Clark,NGO,Port Peggyshire,10209614423,11
657,Patricia Salas,Individual,Port Maryshire,5695147193,10
658,Frank Olson,Shelter,South Anthonyside,0019967475678,13
659,Elizabeth Stewart,NGO,Kempstad,6597310182,10
660,James Hernandez II,Charity,Kenthaven,0010362352960,13
661,Robert White,Charity,Petersonmouth,9828389359,10
662,Gabriel Harris,Individual,Port Shannonhaven,8530342142,10
663,Michael English,NGO,Lake Daniel,6123203740,10
664,Joseph Nelson,Individual,Phillipston,7800327079,10
665,Felicia Collier,NGO,Toddstad,11132024089,11
666,Meredith Hull,NGO,Markfurt,5758798768,10
667,Christine Beasley,Individual,Jensenland,6677294034,10
668,Maria Singh,NGO,Brandonhaven,13531271876,11
669,Karen Cox,Charity,Davidland,7917599054,10
670,Amber Hobbs,NGO,Rogersfort,9148645127,10
671,Cindy Green PhD,NGO,Sharpfurt,6744184457,10
672,Janice Thornton,Charity,Allenmouth,6467359177,10
673,Shelly Castillo,Charity,Chenview,0019846412359,13
674,Stephen Harris,Charity,Port Seanshire,11638807237,11
675,Robert Day,NGO,Goodmanfort,0012847424202,13
676,John Williams,Charity,Brooksborough,0575371761,10
677,Joshua Rush,Charity,New Mark,6026944031,10
678,Joseph Johnson,NGO,South Jasminechester,4122028352,10
679,Alexis Rodriguez,Shelter,South Shirleymouth,7488278108,10
680,James Lewis,NGO,Richardton,0011512871850,13
681,Becky Hernandez,Shelter,Jeanshire,0019505109795,13
682,Paige Lewis,Shelter,Karenfort,1506085231,10
683,Mark Williams,NGO,Taylorport,0015209638410,13
684,Kiara Martinez,Individual,Ellisborough,8299398804,10
685,Angela Knight,Individual,Port Joshua,4913302377,10
686,Spencer Roberts,Charity,East Sheenahaven,0749201029,10
687,Danny Palmer,NGO,North Erikhaven,19313158378,11
688,Jeffrey Turner,Charity,East Tiffanyview,0013211603094,13
689,Michael Murphy,NGO,Lake Sheilaland,18878436402,11
690,Jeffrey Knight,Individual,Wardshire,2077948313,10
691,Brittany Williams,Individual,Christinehaven,0783148173,10
692,Christopher Stokes,Individual,Joshuahaven,0013050487931,13
693,Carl Brewer,Individual,Nelsonbury,8467645157,10
694,Rachel Arnold,Shelter,New James,0010876741329,13
695,Janet Newton,Individual,West Amandaport,9305908261,10
696,Kellie Hart,Charity,Changview,12355899126,11
697,Laura Leach,Charity,Davidtown,5465940771,10
698,Dawn Rodriguez MD,Charity,New Shauntown,10836243293,11
699,Sabrina Johnson,Charity,East Emily,0015521243791,13
700,Kimberly Duncan,Shelter,West Monica,0018511582436,13
701,Amber Arellano,NGO,South Marymouth,17184258787,11
702,Rebecca Chan,Charity,West Brittany,2797073052,10
703,Mr. Jonathan Williams,Individual,Bruceburgh,6060106061,10
704,Jason Lowe,NGO,Sarahside,0631150253,10
705,Christopher Sellers,Charity,East Nathanstad,5709576832,10
706,Shannon Jensen,Shelter,Lake Kevinport,0013785701120,13
707,Jason Martin,Charity,New Frederickfort,0015018777120,13
708,Jacob Mendez,Individual,South Jason,8183586757,10
709,Matthew Sanchez,Individual,New Stephanie,1310834622,10
710,Eric Carrillo,Shelter,Nicholsonland,0019050078793,13
711,Mark Carroll,Shelter,Lovestad,17623695612,11
712,Laura Graham,NGO,Mercerport,0968045311,10
713,Robert Moses,Shelter,Port Terry,6298705299,10
714,Adam Phelps,Individual,North Amanda,0015866126376,13
715,Tyler Christensen,Charity,Lake Douglas,3066912501,10
716,Angela Gregory,Individual,Lake Tracytown,8178566676,10
717,Jonathon Gregory,Individual,Shortfort,0405117461,10
718,Matthew Brown,Individual,Port Amberfurt,7853360978,10
719,Brian Oneill,NGO,East Stephaniefort,4236914227,10
720,Jeremiah Terry,Individual,Nicoleberg,10955013103,11
721,Ashley Ramirez,Charity,Heatherburgh,6043823103,10
722,Deanna Owens,NGO,South Mark,8654109397,10
723,Lisa Kim,Individual,New Brandyhaven,14658562095,11
724,Randall Ford,Shelter,East Tasha,0720378421,10
725,Edward Lopez,NGO,New Matthewton,6835917229,10
726,Tammy Brown,Shelter,Victorton,12445691621,11
727,Troy Jimenez,Shelter,Port Marc,8292462756,10
728,Dustin Stark,Charity,Kimberlymouth,7169504574,10
729,David Spence,Charity,Port Curtisside,18430061807,11
730,Felicia Glover,Shelter,East Michael,9828442370,10
731,Jacob Scott,Charity,South Jenniferburgh,0018572168483,13
732,Jessica Shields,Shelter,South Richard,5190925018,10
733,David Fox,Individual,Longmouth,0015428004782,13
734,Amanda Buchanan,NGO,Perryton,1217184571,10
735,Kyle Scott,Individual,Reedview,0019802043107,13
736,Damon Schmidt,Charity,Cummingschester,0016957223687,13
737,James Brown,Shelter,Lake Catherine,1525088754,10
738,Matthew Morgan,Charity,Robertton,5355122781,10
739,Nancy Jones,Shelter,West Bradley,8064578047,10
740,Denise Lucas,Charity,East Jamesmouth,0067758489,10
741,Amber Burnett,Charity,Garciashire,9013559555,10
742,Matthew Webb,Charity,West David,0019983419445,13
743,Nicholas Tucker,Charity,Port Samantha,2900712070,10
744,Matthew Deleon,Individual,Danielsview,0069409278,10
745,Jose Vance,NGO,Lake Heatherberg,2166207837,10
746,Kenneth Barnes,NGO,South Lindsay,8684340244,10
747,Vanessa Johnson,Shelter,Wilsonshire,1513477079,10
748,Bridget Williams,Charity,South Williamview,0010793472416,13
749,Michael Craig,Individual,Moralesburgh,1314899950,10
750,Levi Lucas,Charity,North Vanessamouth,0957635392,10
751,Travis Johnson,Shelter,South Edward,7856401614,10
752,Cassidy Alvarado,Individual,Leahchester,18253644624,11
753,Samantha Potter,Charity,Aguilarbury,15414344196,11
754,Michael Ford,Individual,New Sean,3899888452,10
755,Eugene Beltran,Shelter,South Samanthaburgh,0016966162431,13
756,Emma Anderson,NGO,Lake Michelle,0013693475266,13
757,Christopher Garcia,Charity,North Danielchester,18375555633,11
758,Jennifer Lucero,NGO,South Theresaberg,3861055091,10
759,Kathleen Watkins,Shelter,Hardyberg,4357884119,10
760,Gina Blankenship,Shelter,Brittanyborough,0013187217199,13
761,Douglas Roberts,Shelter,Deanstad,19880777950,11
762,Donna Chang,NGO,East Stevenborough,9564962501,10
763,Karen Williamson,Shelter,Sandovalmouth,8575884472,10
764,Krista Williams,Shelter,Oliverberg,4814373776,10
765,Joshua Hooper,Shelter,Buchananton,10134631430,11
766,John Reynolds,Shelter,Grahambury,0010620859402,13
767,Jordan Hart,Shelter,East Julietown,11617536365,11
768,Mary Wilson,Charity,Lake Kimberlyton,4843363858,10
769,John Warner,Shelter,Cookhaven,10033205395,11
770,Jacob Gibbs,Charity,New Jesus,8062651675,10
771,Emily Gallagher,Individual,Wagnerburgh,4916631678,10
772,Cassandra Yoder,Charity,Danielfurt,19287660621,11
773,Hunter Richards,NGO,West Victoriaberg,0015817781214,13
774,Tracy Bass,NGO,South Jessicaburgh,4612584749,10
775,Thomas Nelson,Charity,Donnamouth,12276018962,11
776,James Thompson,Shelter,Ronaldmouth,1217327913,10
777,Julie Dickerson,Shelter,Diazbury,3831382733,10
778,Kristie Townsend,Shelter,Melissaberg,1674389582,10
779,James Turner,NGO,North Mallorystad,17007097978,11
780,Jacqueline Johnson,Shelter,Jeffreyland,12086571423,11
781,Jason Taylor,NGO,Reginaburgh,1506380354,10
782,Timothy Burns,Charity,East Janetstad,2625557560,10
783,Monica Phillips,Charity,New Phillipfurt,1885889838,10
784,Jill Harris,Shelter,Josephfurt,0398137188,10
785,Melissa Lee,Charity,Brownport,8331940479,10
786,Robert Kim,Shelter,Port Gabrielleborough,5131567998,10
787,Rachel Rios,NGO,Sarahaven,3191048885,10
788,Beth Phillips,NGO,Zacharyview,2933832279,10
789,Laura Robertson,NGO,Hansonfurt,6168516533,10
790,Stephanie Smith,Charity,West Carrieport,0010284115954,13
791,David Kennedy,Charity,Port Caleb,0010616129715,13
792,Tamara Frey,Shelter,Deanfort,9761685693,10
793,Renee Anderson,Charity,Princehaven,0401324956,10
794,Lee Nunez,Individual,Andersonfort,4688571870,10
795,Caitlin Cobb,Charity,North Andresport,19688714930,11
796,Lisa Carroll,NGO,South Jamesfort,12238428919,11
797,Robert Becker,Charity,Danielland,0607560612,10
798,James Estrada,Individual,Westport,0010204508542,13
799,Adam Moore,Charity,East Josephview,11190803260,11
800,Anthony Garcia,Individual,Brownbury,18455419687,11
801,Samantha Simpson,Shelter,West Meganmouth,0010308323866,13
802,Lisa Cruz,Charity,Stevenmouth,3720917748,10
803,Joseph Stafford,Shelter,Lake Lindseystad,8127825617,10
804,Elizabeth Cochran,NGO,Theresabury,7711350025,10
805,Sharon Martin,Individual,South Michelleport,8858892008,10
806,James Miller,NGO,Lisabury,14998196868,11
807,Taylor Miller,NGO,Josephside,10222705486,11
808,Pamela Finley,Individual,Harrisfurt,0011605425380,13
809,Karen Cain,Individual,East Daisybury,5069604185,10
810,Cody Meyer,NGO,Westshire,4151472095,10
811,Scott Schroeder,Shelter,Markfurt,0012290422531,13
812,Sabrina Klein MD,Individual,Shawhaven,0716154555,10
813,Amber Hale,Individual,Comptonside,0017502352728,13
814,Michael Petersen,NGO,Maryside,14543011932,11
815,James Miller,NGO,North Dawn,0013591397284,13
816,Jeremiah Hampton,Charity,South Sheryl,8370484121,10
817,Victoria Torres,Charity,Martinchester,16247809445,11
818,Danielle Hayes,NGO,Andreaberg,1310927379,10
819,Christina Lambert,Shelter,Delgadofort,6375169143,10
820,Patrick Velasquez,Individual,West Jacob,6061667246,10
821,Jeffrey Wilson,Charity,Davisport,0012453907219,13
822,Aaron Malone,Shelter,East Mark,18031366978,11
823,James Rose,Shelter,East Amandaberg,6582047743,10
824,Madison Myers,Shelter,Cruzland,1235008333,10
825,Charles Morris,Charity,New Olivia,0061074825,10
826,Mr. Steven Reeves MD,Individual,West Jacquelinefort,12637394608,11
827,John Simmons,NGO,North Tanner,7973886145,10
828,Jason Mcpherson,Shelter,Michaelside,4036934197,10
829,Mr. Brian Fox,Charity,Scottbury,3013164760,10
830,Jeffrey Cooper,Shelter,Lake Christian,0018772455095,13
831,Samantha Ellison,Individual,New Kimberly,5224377292,10
832,Kylie Young,Shelter,Ginaview,9131186244,10
833,Kelly Pierce,Shelter,West Josephland,3704671150,10
834,Renee Flynn,Individual,South Mark,0935018423,10
835,Jennifer Wright,Shelter,Lauratown,2575563261,10
836,Scott Craig,Shelter,South Lisa,1183826136,10
837,Michelle Reed,Shelter,West John,1072168815,10
838,Jessica Stephens,Charity,West Michaelton,3589778320,10
839,Michael Cox,NGO,North Kelly,0019537395146,13
840,Mary Anderson,Shelter,South Mirandamouth,11481260133,11
841,Brian Reed,NGO,Amandaburgh,6405649498,10
842,Robert Stewart,Shelter,New Laura,8735016244,10
843,Glenn Anthony,Charity,Halltown,5029607549,10
844,Andrew Gray,Individual,Lake Dustin,4480057192,10
845,Adam Horton,NGO,Ramosberg,3644230076,10
846,Charles Aguilar,NGO,Johnsonchester,11482619107,11
847,Wesley Myers,Shelter,Meganburgh,2859917532,10
848,Terrence Wagner,Individual,Taraside,0018322467583,13
849,Kyle Johnson,Shelter,Ellisshire,0018877666073,13
850,Kristopher Mendoza,Individual,Bradfurt,6781166339,10
851,Christina Brown,NGO,Wyattton,9830347865,10
852,Jo Martinez,Charity,Port Williamtown,12643426012,11
853,Tanya Lowe,Charity,Crawfordchester,6775969794,10
854,Christopher Diaz,Individual,Lorifurt,0014421062480,13
855,Robert Abbott,NGO,Collierburgh,11145328181,11
856,Amanda Brown,Individual,New Larryshire,1763305060,10
857,Jennifer Taylor,Individual,Lake Kaylamouth,0010242411359,13
858,Ashley Harris,Individual,Lake Stephenchester,0016805824607,13
859,Dana Williams,Charity,Cookstad,5259995693,10
860,James Knight,Charity,Kirkfort,10015044343,11
861,Ashley Clark,NGO,Poolebury,5186226804,10
862,Justin Martinez,Individual,New Erikamouth,6973577122,10
863,Jessica Camacho,Individual,Billyland,1906749988,10
864,Justin Anderson,NGO,South Craigborough,19676298865,11
865,Katherine Houston,Individual,Lake Joshuabury,9354200196,10
866,Jose Cooper,Shelter,Pooleside,0836012157,10
867,Tara Williams,Individual,New Dakotahaven,7246108348,10
868,Kayla Erickson,Shelter,West Lindseyside,2137526967,10
869,David Mendoza,Charity,North Shawnastad,0015178649061,13
870,Joshua Mendoza,Charity,North Amy,8428767043,10
871,Veronica Adams,Individual,Natalieside,3857123680,10
872,Lori Peters,Individual,Annaborough,2706526057,10
873,Darius Reid,Charity,Port Philipmouth,3069395162,10
874,Danny Brown,Individual,East Shirley,8293712280,10
875,Scott Smith,Individual,New Donnahaven,0013769655711,13
876,Jeremy Robinson,NGO,Jamesview,0010971983229,13
877,Jeffrey Stafford,Shelter,North Nicholasborough,4544602468,10
878,Cory Johnson,NGO,Port Robertmouth,9443115766,10
879,Bridget Hill,Charity,South Emily,8684652331,10
880,Kristen Foster,Shelter,North Ricardo,7492528592,10
881,Alan Riley,NGO,Tylermouth,11916202120,11
882,Steven Shaffer,Shelter,Rodneyport,7997939460,10
883,Aaron Rios,NGO,New Jeffreyhaven,5436294859,10
884,Mary Evans,Shelter,North Josephmouth,2484575683,10
885,James Hardin,Individual,East Robert,7160356813,10
886,Amber Cruz,Shelter,Allenborough,10770731734,11
887,Jean Woods,Shelter,Fernandezchester,16885468304,11
888,Matthew Davis,Charity,Birdview,1367475533,10
889,Holly Aguilar,NGO,West Sara,7995062068,10
890,Joseph Whitaker,NGO,Jamesborough,0010592718576,13
891,Thomas Myers,Shelter,North Haleyhaven,5798565722,10
892,Brian Hardy,NGO,Lake Williamhaven,0626427542,10
893,Carrie Hess,Charity,Jarvisshire,18280679673,11
894,Tammy Fletcher,Charity,New Adrian,2195502711,10
895,Ms. Deborah Campos,Individual,West Barry,0015799485058,13
896,Jennifer Smith,Shelter,Josephton,1797280744,10
897,Shelby Rice,Shelter,New Loriberg,12134702112,11
898,Emily Ramos,Shelter,East Michaelview,0337957197,10
899,Rachel Pena,NGO,Grossport,5236685935,10
900,Hannah Reynolds,Charity,East Kevinberg,7310405330,10
901,Donald Caldwell,Shelter,Dawsonberg,0011910712217,13
902,Michelle Riley,NGO,New Juliaton,0010124979466,13
903,Cindy Robinson DDS,Shelter,Franklinview,4186239588,10
904,Amanda Kline,Shelter,East Travis,0012653763204,13
905,Ann Odonnell,Charity,East Michael,9263457660,10
906,Christopher Gonzalez,Shelter,Payneland,15102412999,11
907,Jamie Jenkins,NGO,New Melanie,0016769039528,13
908,Abigail Crawford,NGO,Lake Shawn,0101528668,10
909,Matthew Cordova,NGO,Rubioborough,0019055898944,13
910,Tina Donaldson,Shelter,Lake Brandibury,7364464714,10
911,Devon Martinez,Individual,Jessicaland,8612582469,10
912,Katelyn Proctor,Charity,Williamsborough,0019492717461,13
913,Jeffrey Jones,NGO,Kennethmouth,2972292136,10
914,Jeffrey Walker,Individual,Woodardview,0284721603,10
915,Deborah Garza,Shelter,South Alanville,6955892656,10
916,Lindsey Mathis,Shelter,Ianland,8165585061,10
917,Michael Townsend,Shelter,East Kevin,0348038502,10
918,Katrina Cruz,Charity,Jenkinsfurt,7091915616,10
919,Sarah Brown,Shelter,North Christina,0011198807367,13
920,Gregory Rodriguez,Charity,West Davidview,6716671616,10
921,Kelly Walls,Individual,Lake Victoriaton,8575175280,10
922,Savannah Holland,Individual,Kelleystad,4876887575,10
923,Victor Diaz,Shelter,Darinview,5619230470,10
924,Sarah Roberts,Shelter,North Janetland,0015134593188,13
925,Cassidy Davis,Individual,West Donaldmouth,0018153594471,13
926,Kimberly Ware,Individual,East Sheriton,0010782660266,13
927,Mary Escobar,Individual,Gloriaview,6638636846,10
928,Barbara Richards,Charity,Carlostown,5248119365,10
929,Donna Terry,Charity,Mathistown,1048587570,10
930,Joseph Smith,Shelter,Dunnbury,9099131799,10
931,Rhonda Lewis,Individual,South Michael,0010681511254,13
932,Justin Stevens,Charity,South Mary,0017560511371,13
933,Jodi Lee,NGO,West Paulfort,3517962649,10
934,Dr. Wendy Terrell,Charity,Erikashire,5662368791,10
935,John Harris,NGO,Riverafort,18275450294,11
936,Jacob Horton,NGO,Port Douglasland,12867445283,11
937,Mark Ward,NGO,Port Jonathanton,0384311430,10
938,Matthew Thornton,NGO,Hayesfort,1084069823,10
939,Chad Vaughn,Charity,Lake Brandonborough,5651992977,10
940,Lynn Lucas,Charity,Elizabethberg,6891290146,10
941,Jessica Boyd,NGO,South Heather,0017584105626,13
942,Earl Hess,Charity,Rodneyborough,0091751556,10
943,Rebecca Lucas,Charity,New Jessicabury,7214463873,10
944,Sharon Wood,Charity,New Melindashire,5282176863,10
945,Alex Leon,Individual,Caitlynhaven,6671140630,10
946,Taylor Mann,Charity,North Lawrence,0017667482534,13
947,Debra Webster,Charity,East Debramouth,9302919053,10
948,Thomas Castaneda,NGO,West Ashleymouth,1825044729,10
949,Allison Pennington,Individual,North Lydiaberg,15867136798,11
950,Caitlin Bennett,NGO,Delacruzborough,3510503132,10
951,Brittany Mcclain,Individual,Robertville,8110362093,10
952,Sarah Morgan,Charity,Gilbertfurt,16308098000,11
953,Tina Anderson,Charity,Port Jonathanhaven,1021685649,10
954,Mark Russell,NGO,Nathanstad,3811753680,10
955,Christopher Wong,Charity,Jacquelineshire,7451357397,10
956,Jacqueline Fernandez,Charity,Kennethside,15734128522,11
957,Angela Hall,Charity,Greenville,2576243615,10
958,Scott Brown,Individual,Oneillland,0018794487571,13
959,Samantha Gomez,Charity,Suzanneton,0019554958534,13
960,Jason Hughes,Shelter,Myerstown,8516270395,10
961,Tyler Gray,NGO,West Dustinberg,3748508848,10
962,Donald Anderson,Shelter,North Stephanieborough,12249511888,11
963,Victor Ward,NGO,Johnhaven,6280482026,10
964,Donald Moore,Individual,Davisfort,0017421648768,13
965,Ashley Silva,NGO,Port Thomas,5530483123,10
966,Sheila Lang,NGO,Lake Larryborough,0015852862289,13
967,Samantha Sherman,Individual,Port Cindyberg,6592776748,10
968,Mr. Joseph Herring,Individual,Mariefurt,8390442094,10
969,Leon Foster,NGO,Bennettton,1989369076,10
970,Brandon Rice,Shelter,South Benjamin,15631222255,11
971,Teresa Estrada,Individual,Mayburgh,3207784104,10
972,Patricia Joseph,Individual,Lauraport,6119276696,10
973,Brian Johnson,NGO,Patrickfort,0017514795501,13
974,Mark Miller,NGO,North Joshua,0113611154,10
975,Danielle Bullock,Individual,Amandafurt,8882539476,10
976,Tammy Patrick,Individual,Clarkton,0016715529014,13
977,Pamela Scott,Charity,South Paul,3106420442,10
978,Adam Evans,Individual,Lake Sonya,4843980067,10
979,Rebecca Wright,Charity,Teresastad,17073874410,11
980,Elizabeth Fisher,Shelter,Carrborough,2989083776,10
981,Dawn Jennings,Shelter,Port Cody,0857596512,10
982,Thomas Villanueva,NGO,Gutierrezmouth,0013386039644,13
983,Joanna Black,NGO,North Jacobhaven,7819505825,10
984,Steve Kirby,Charity,Travishaven,8151958711,10
985,Thomas Sanchez,NGO,Rodneyfurt,2315921072,10
986,Rita Kane,Shelter,South Jamie,13473062056,11
987,Becky Smith,Shelter,East Renee,7907087489,10
988,Kristi Rodriguez,Charity,Nielsenberg,3498645409,10
989,Timothy Bradshaw,Individual,North Laura,4512605312,10
990,Patricia Hardy,Shelter,Thomasport,0766873532,10
991,Lindsey Wagner,Shelter,Jessicaburgh,4010527584,10
992,James Curry,Individual,Port Johnside,2230438999,10
993,Alexis Hayes,Shelter,Matthewmouth,5438120534,10
994,Angelica Simmons,NGO,Port Kellifort,9029428232,10
995,Brittany Taylor,Individual,Andrewsport,2965687106,10
996,Matthew Curtis,Shelter,Lanechester,1278894442,10
997,Amanda Cain,NGO,New Steven,10014915601,11
998,Theodore Briggs,Individual,South Sandra,9306099442,10
999,Cheyenne Ramsey,NGO,Lake Jeffery,0013263204816,13
1000,April Miller,Shelter,Shelbychester,8948732652,10
